<?xml version="1.0" encoding="utf-8" standalone="yes"?>
<channel>
	<id>mundoflv</id>
	<name>MundoFlv</name>

	<active>true</active>
	<adult>false</adult>
	<language>es</language>

	<fanart></fanart>
	<thumbnail>https://s32.postimg.org/h1ewz9hhx/mundoflv.png</thumbnail>
	<bannermenu>https://s32.postimg.org/c54jfhckl/mundoflv_banner.png</bannermenu>
	
	<update_url></update_url>
	<version>2</version>
	<date>04/01/2017</date>
	<changes>Release</changes>

	<categories>
		<category>latino</category>
		<category>serie</category>
	</categories>

	<settings>
		<id>include_in_global_search</id>
		<type>bool</type>
		<label>Incluir en busqueda global</label>
		<default>false</default>
		<enabled>false</enabled>
		<visible>false</visible>
	</settings>
</channel>
